Metric,Value
R2,0.6338090760283199
MSE,2742.0914323340194
