Feature,Importance
Sales,0.4891923554691046
Discount,0.26910340275556105
Sales*Quantity,0.06624076275850727
LOCATION_ID,0.020039107550064172
Shipping Cost,0.019838137860991586
productkey_x,0.019109528304107816
customerkey_y,0.018557275403913633
Day,0.017219422594795624
productkey_y,0.013853650018055942
customerkey_x,0.012780763142806833
Month,0.010322491216290135
Weekday,0.008276136956264528
Year,0.0077336870686999905
MARKET_ID,0.006934660350348209
Quantity,0.006608482896129929
