Year,Average_Profit
2011,25.340217774178623
2012,26.606453413746888
2013,26.04425534392339
2014,25.882942554020328
