Feature,Importance
Order Priority,0.52700233
Shipping Ratio,0.35983598
log_cost,0.024827117
Quantity,0.022952432
LOCATION_ID,0.02286862
Sales,0.021865029
Market,0.02064849
